DATE,AMOUNT,COMPANY,ACCIDENT_STATE,CLAIM_ID,ERROR_REASON
2023-01-01,489.0,Blue Cross,NY,,
2023-01-02,544.0,Kaiser,TX,,
2023-01-03,404.0,Blue Cross,TX,,
2023-01-04,615.0,Kaiser,NY,,
2023-01-05,580.0,United,CA,,
2023-01-06,201.0,Aetna,CA,,
2023-01-07,771.0,Blue Cross,TX,,
2023-01-08,905.0,Aetna,NY,,
2023-01-09,144.0,Kaiser,CA,,
2023-01-10,326.0,Blue Cross,NY,,
2023-01-11,672.0,Aetna,TX,,
2023-01-12,159.0,Blue Cross,NY,,
2023-01-13,809.0,Kaiser,NY,,
2023-01-14,683.0,Aetna,NY,,
2023-01-15,349.0,Blue Cross,FL,,
2023-01-16,749.0,Blue Cross,TX,,
2023-01-17,397.0,United,CA,,
2023-01-18,583.0,United,NY,,
2023-01-19,317.0,Kaiser,FL,,
2023-01-20,812.0,United,TX,,
2023-01-21,977.0,Aetna,FL,,
2023-01-22,437.0,United,TX,,
2023-01-23,862.0,United,FL,,
2023-01-24,845.0,Kaiser,CA,,
2023-01-25,136.0,Kaiser,NY,,
2023-01-26,627.0,Blue Cross,TX,,
2023-01-27,345.0,Blue Cross,NY,,
2023-01-28,768.0,Aetna,NY,,
2023-01-29,222.0,Aetna,NY,,
2023-01-30,237.0,Aetna,TX,,
2023-01-31,725.0,United,NY,,
2023-02-01,474.0,Kaiser,TX,,
2023-02-02,436.0,Aetna,TX,,
2023-02-03,573.0,United,TX,,
2023-02-04,682.0,Blue Cross,FL,,
2023-02-05,704.0,Blue Cross,FL,,
2023-02-06,378.0,United,NY,,
2023-02-07,462.0,Aetna,CA,,
2023-02-08,636.0,Aetna,CA,,
2023-02-09,300.0,Aetna,TX,,
2023-02-10,449.0,Kaiser,FL,,
2023-02-11,436.0,Blue Cross,NY,,
2023-02-12,901.0,United,TX,,
2023-02-13,259.0,Aetna,FL,,
2023-02-14,344.0,Blue Cross,TX,,
2023-02-15,418.0,Kaiser,NY,,
2023-02-16,577.0,United,FL,,
2023-02-17,562.0,Aetna,TX,,
2023-02-18,153.0,Aetna,FL,,
2023-02-19,979.0,Kaiser,FL,,
2023-02-20,812.0,Aetna,NY,,
2023-02-21,826.0,Kaiser,NY,,
2023-02-22,452.0,Aetna,NY,,
2023-02-23,216.0,Blue Cross,TX,,
2023-02-24,296.0,Kaiser,FL,,
2023-02-25,928.0,Blue Cross,FL,,
2023-02-26,939.0,Aetna,FL,,
2023-02-27,611.0,Kaiser,TX,,
2023-02-28,916.0,Blue Cross,NY,,
2023-03-01,460.0,Aetna,TX,,
2023-03-02,872.0,United,CA,,
2023-03-03,153.0,United,NY,,
2023-03-04,247.0,Kaiser,FL,,
2023-03-05,403.0,United,NY,,
2023-03-06,336.0,United,NY,,
2023-03-07,755.0,United,NY,,
2023-03-08,614.0,United,CA,,
2023-03-09,436.0,United,NY,,
2023-03-10,908.0,Blue Cross,CA,,
2023-03-11,906.0,Aetna,NY,,
2023-03-12,267.0,Blue Cross,NY,,
2023-03-13,698.0,Aetna,FL,,
2023-03-14,919.0,Aetna,TX,,
2023-03-15,401.0,Aetna,FL,,
2023-03-16,995.0,Aetna,NY,,
2023-03-17,578.0,Blue Cross,FL,,
2023-03-18,784.0,United,NY,,
2023-03-19,663.0,Aetna,CA,,
2023-03-20,983.0,Kaiser,TX,,
2023-03-21,114.0,Kaiser,FL,,
2023-03-22,103.0,Kaiser,FL,,
2023-03-23,724.0,Blue Cross,NY,,
2023-03-24,123.0,United,TX,,
2023-03-25,269.0,United,NY,,
2023-03-26,735.0,Aetna,FL,,
2023-03-27,898.0,Kaiser,FL,,
2023-03-28,719.0,Aetna,CA,,
2023-03-29,946.0,Blue Cross,CA,,
2023-03-30,357.0,United,CA,,
2023-03-31,732.0,Blue Cross,CA,,
2023-04-01,277.0,United,CA,,
2023-04-02,857.0,Kaiser,CA,,
2023-04-03,139.0,Kaiser,FL,,
2023-04-04,733.0,Kaiser,CA,,
2023-04-05,965.0,United,TX,,
2023-04-06,723.0,Kaiser,FL,,
2023-04-07,952.0,Aetna,NY,,
2023-04-08,646.0,Aetna,NY,,
2023-04-09,859.0,United,NY,,
2023-04-10,898.0,Aetna,TX,,
,,,,C100001,Invalid Date of Birth
